,code,modele,image,prix,conditionnement,forme,specialites,reference
0,120110,[' AC ACETYLSALICYLIQUE 500MG CP.'],produits/120110.jpo,6 500,B/1000,COMPRIMES,non specifié,4
1,120140,[' ACETYL SALICYLATE DE LYSINE 1.8G AMP. INJ.'],produits/120140.jpo,10 870,B/50,INJECTABLE,non specifié,4
2,120190,[' ACETYL SALICYLATE DE LYSINE 100MG SACHET'],produits/120190.jpo,10 870,B/50,SACHET,non specifié,4
3,120210,[' INDOMETACINE 25MG CP.'],produits/120210.jpo,2 500,B/1000,COMPRIMES,non specifié,4
4,120210,[' INDOMETACINE 25MG CP.'],produits/120210.jpo,400,B/100,COMPRIMES,non specifié,4
5,120310,[' PARACETAMOL 500MG CP.'],produits/120310.poo,6 200,B/1000,COMPRIMES,non specifié,4
6,120310,[' PARACETAMOL 500MG CP.'],produits/120310.poo,3 100,B/500,COMPRIMES,non specifié,4
7,120311,[' PARACETAMOL 1G CP.'],produits/120311.jpo,6 500,B/400,COMPRIME,non specifié,4
8,120320,"[' PARACETAMOL 120MG', '5ML SP.']",produits/120320.jpo,350,FL/100,SIROP,non specifié,4
9,120340,"[' PARACETAMOL 1G', '100ML INJ.']",produits/120340.jpo,800,FL/100,INJECTABLE,non specifié,4
10,120341,[' PARACETAMOL 0.5G INJ.'],produits/120341.jpo,500,FL/50,INJECTABLE,non specifié,4
11,120540,[' KETOPROFENE 100MG AMP. INJ.'],produits/120540.jpo,1 830,B/96,INJECTABLE,non specifié,4
12,120540,[' KETOPROFENE 100MG AMP. INJ.'],produits/120540.jpo,1 830,B/5,INJECTABLE,non specifié,4
13,120610,[' AC MEFENAMIQUE 250MG CP.'],produits/120610.jpo,9 170,B/1000,COMPRIMES,non specifié,4
14,120610,[' AC MEFENAMIQUE 250MG CP.'],produits/120610.jpo,480,B/100,COMPRIMES,non specifié,4
15,120611,[' AC MEFANAMIQUE 250MG CP.'],produits/120611.jpo,480,B/100,COMPRIME,non specifié,4
16,120710,[' IBUPROFENE 400MG CP.'],produits/120710.jpo,10 000,B/1000,COMPRIMES - GELULES,non specifié,4
17,120720,"[' IBUPROFENE 100MG', '5ML SP. FL', '100']",produits/120720.jpo,200,FL/100,SIROP,non specifié,4
18,120810,[' DICLOFENAC 50MG CP.'],produits/120810.jpo,1 500,B/100,COMPRIME,non specifié,4
19,120840,"[' TRAMADOL 100MG', '2ML']",produits/120840.jpo,1 115,B/10,INJECTABLE,non specifié,4
20,120960,[' AC. NIFLUMIQUE PDE'],produits/120960.jpo,550,T/40,POMADE,non specifié,4
21,120960,[' AC. NIFLUMIQUE PDE'],produits/120960.jpo,690,T/30,POMADE,non specifié,4
22,130141,"[' FENTANYL 0.50MG', '10ML AMP. INJ.']",produits/130141.jpo,18 120,B/10,INJECTABLE,non specifié,4
23,130141,"[' FENTANYL 0.50MG', '10ML AMP. INJ.']",produits/130141.jpo,9 060,B/5,INJECTABLE,non specifié,4
24,120420,"[' ALPHA-AMYLASE 200U. CEIP', 'ML (MAXILASE) SP']",produits/120420.jpg,1 805,FL/125,SIROP,non specifié,4
25,100140,"[' KETAMINE 500MG', '10ML AMP INJ']",produits/100140.jpo,2 850,B/10,INJECTABLE,non specifié,2
26,100141,"[' KETAMINE 50MG', 'ML AMP INJ 2ml']",produits/100141.jpo,2 995,B/10,INJECTABLE,non specifié,2
27,100240,[' THIOPENTAL 1G INJ. SS SOLVANT'],produits/100240.jpo,11 000,B/25,INJECTABLE,non specifié,2
28,100390,[' HALOTHANE SOL'],produits/100390.jpo,12 260,FL/250,INJECTABLE,non specifié,2
29,100390,[' HALOTHANE SOL'],produits/100390.jpo,6 500,FL/100,INJECTABLE,non specifié,2
30,100391,"[' HALOTHANE SOL FL', '100ML']",produits/100391.jpo,6 500,FL/100,INJECTABLE,non specifié,2
31,100440,"[' PROPOFOL 200MG', '20ML AMP. INJ. B', '10']",produits/100440.jpo,5 730,B/10,INJECTABLE,non specifié,2
32,100440,"[' PROPOFOL 200MG', '20ML AMP. INJ. B', '5']",produits/100440.jpo,7 200,B/5,INJECTABLE,non specifié,2
33,100440,"[' PROPOFOL 200MG', '20ML AMP. INJ. B', '1']",produits/100440.jpo,7 500,B/1,INJECTABLE,non specifié,2
34,100490,[' ISOFLURANE SOLUTION'],produits/100490.jpo,21 500,FL/250,INJECTABLE,non specifié,2
35,100540,[' VECURONIUM 4MG PP. INJ.+SOLVANT'],produits/100540.jpo,36 035,B/40,INJECTABLE,non specifié,2
36,100540,[' VECURONIUM 4MG PP. INJ.+SOLVANT'],produits/100540.jpo,5 000,B/5,INJECTABLE,non specifié,2
37,100540,[' VECURONIUM 4MG PP. INJ.+SOLVANT'],produits/100540.jpo,5 405,B/6,INJECTABLE,non specifié,2
38,100590,"[' SEVOFLURANE 1ML', 'ML SOLUTION']",produits/100590.jpo,70 000,FL/250,INJECTABLE,non specifié,2
39,100640,"[' BUPIVACAÏNE 0.5% ', '20ML ISOBARE AMP INJ']",produits/100640.jpo,700,FL/20,INJECTABLE,non specifié,2
40,100640,"[' BUPIVACAÏNE 0.5% ', '20ML ISOBARE AMP INJ']",produits/100640.jpo,16 040,B/5,INJECTABLE,non specifié,2
41,100740,"[' ATRACURIUM 50MG', '5ML']",produits/100740.jpo,35 100,B/50,INJECTABLE,non specifié,2
42,110140,[' LIDOCAÏNE 2% INJ.'],produits/110140.jpo,870,FL/50,INJECTABLE,non specifié,2
43,110140,[' LIDOCAÏNE 2% INJ.'],produits/110140.jpo,300,FL/20,INJECTABLE,non specifié,2
44,110141,[' LIDOCAINE 1% INJ.'],produits/110141.jpo,240,FL/20,INJECTABLE,non specifié,2
45,110142,[' LIDOCAÏNE 2% INJ. ADRENALINE INJ'],produits/110142.jpo,400,FL/20,INJECTABLE,non specifié,2
46,110240,"[' ROPIVACAINE 2MG', 'ML AMP']",produits/110240.jpo,18 000,B/20,AMPOULE,non specifié,2
47,110241,"[' ROPIVACAINE 7.5 MG', 'ML AMP']",produits/110241.jpo,20 000,B/20,AMPOULE,non specifié,2
48,110340,"[' BUPIVACAÏNE 20MG', '4ML RACHI HYPERBARE AMP. INJ.']",produits/110340.jpo,1 010,B/5,INJECTABLE,non specifié,2
49,110341,"[' BUPIVACAÏNE 5MG', 'ML RACHI HYPERBARE AMP. INJ.F', '4ML']",produits/110341.jpo,1 010,B/5,INJECTABLE,non specifié,2
50,110360,"[' BUPIVACAINE 5MG', 'ML ISOBARE AMP. INJ. (10ML)']",produits/110360.jpo,3 310,B/5,INJECTABLE,non specifié,2
51,110440,"[' SUXAMETHONIUM 50MG', '1ML AMP. INJ.']",produits/110440.jpo,7 800,B/10,INJECTABLE,non specifié,2
52,110440,"[' SUXAMETHONIUM 50MG', '1ML AMP. INJ.']",produits/110440.jpo,3 900,B/5,INJECTABLE,non specifié,2
53,110441,"[' SUXAMETHONIUM 100MG', '2ML AMP. INJ.']",produits/110441.jpo,3 900,B/5,INJECTABLE,non specifié,2
54,110441,"[' SUXAMETHONIUM 100MG', '2ML AMP. INJ.']",produits/110441.jpo,7 800,B/10,INJECTABLE,non specifié,2
55,110540,[' NORADRENALINE BP 0.5% INJ.'],produits/110540.jpo,7 793,B/10,INJECTABLE,non specifié,2
56,110540,[' NORADRENALINE BP 0.5% INJ.'],produits/110540.jpo,5 600,B/5,INJECTABLE,non specifié,2
57,140140,"[' DEXAMETHASONE 4MG', '2ML AMP. INJ.']",produits/140140.jpo,7 360,B/100,INJECTABLE,non specifié,5
58,140210,[' PREDNISOLONE 5MG CP.'],produits/140210.jpo,7 500,B/1000,COMPRIMES,non specifié,5
59,140240,[' METHYL PREDNISOLONE 40 MG INJ'],produits/140240.jpo,2 500,B/5,INJECTABLE,non specifié,5
60,140340,[' HYDROCORTISONE 100MG AMP. INJ.'],produits/140340.poo,2 000,B/10,INJECTABLE,non specifié,5
61,140340,[' HYDROCORTISONE 100MG AMP. INJ.'],produits/140340.poo,9 900,B/50,INJECTABLE,non specifié,5
62,140350,"[' HYDROCORTISONE NA SUCCINATE 500MG', 'ML INJ.']",produits/140350.jpo,44 305,B/50,INJECTABLE,non specifié,5
63,140410,[' DEXCHLORPHENIRAMINE 2MG CP.'],produits/140410.jpo,600,B/30,COMPRIME,non specifié,5
64,140420,"[' DEXCHLORPHENIRAMINE 0.1MG', 'ML SP.']",produits/140420.jpo,725,FL/150,SIROP,non specifié,5
65,140510,[' PROMETHAZINE 25MG CP.'],produits/140510.jpo,3 840,B/1000,COMPRIMES,non specifié,5
66,140540,"[' PROMETHAZINE 50MG', '2ML AMP. INJ.']",produits/140540.jpo,6 960,B/100,INJECTABLE,non specifié,5
67,140580,[' BETA SITOSTEROL 0.25% PDE'],produits/140580.jpo,2 225,T/15,POMADE,non specifié,5
68,140610,[' CETIRIZINE 10MG CP.'],produits/140610.poo,425,B/100,COMPRIME,non specifié,5
69,140710,[' MECLOSINE 25 MG COMP'],produits/140710.jpo,14 000,B/150,COMPRIME,non specifié,5
70,140141UNC,"[' DEXAMETHASONE 4MG', 'ML AMP. INJ.']",produits/140141UNo.jpo,7 360,B/50,INJECTABLE,non specifié,5
71,140110,[' DEXAMETHASONE 4MG CP.'],produits/140110.jpo,6 000,B/10,COMPRIMES,ANTI ALLERGIQUE,5
72,250140,"[' DOPAMINE 200MG', '5ML AMP. INJ.']",produits/250140.jpo,10 090,B/10,INJECTABLE,non specifié,5
73,250140,"[' DOPAMINE 200MG', '5ML AMP. INJ.']",produits/250140.jpo,5 050,B/5,INJECTABLE,non specifié,5
74,250140,"[' DOPAMINE 200MG', '5ML AMP. INJ.']",produits/250140.jpo,26 450,B/100,INJECTABLE,non specifié,5
75,250142,"[' DOPAMINE 40MG', 'ML AMP 5 ML']",produits/250142.jpo,2 500,B/5,AMPOULE,non specifié,5
76,250240,"[' DOBUTAMINE 250MG', '5ML AMP. INJ.']",produits/250240.jpo,7 610,B/10,INJECTABLE,non specifié,5
77,250240,"[' DOBUTAMINE 250MG', '5ML AMP. INJ.']",produits/250240.jpo,3 805,B/5,INJECTABLE,non specifié,5
78,250241,"[' DOBUTAMINE 250MG', '20ML AMP. INJ. B', '5']",produits/250241.jpo,3 805,B/5,INJECTABLE,non specifié,5
79,250340,"[' EPINEPHRINE 1MG', '1ML AMP. INJ.']",produits/250340.jpo,11 905,B/100,INJECTABLE,non specifié,5
80,250340,"[' EPINEPHRINE 1MG', '1ML AMP. INJ.']",produits/250340.jpo,1 195,B/10,INJECTABLE,non specifié,5
81,250341,"[' EPINEPHRINE 1MG', '1ML INJ AMP  IV']",produits/250341.jpo,4 500,B/10,INJECTABLE,non specifié,5
82,250241,"[' DOBUTAMINE 250MG', '20ML AMP. INJ. FL', '20']",produits/250411.jpg,600,FL/20,INJECTABLE, ,5
83,350120,[' CARBOCYSTEINE 2% SP. ENFANT'],produits/350120.jpo,700,FL/150,SIROP,non specifié,5
84,350120,[' CARBOCYSTEINE 2% SP. ENFANT'],produits/350120.jpo,680,FL/125,SIROP,non specifié,5
85,350121,[' CARBOCYSTEINE 5% SP. ADULTE'],produits/350121.jpo,680,FL/150,SIROP,non specifié,5
86,350121,[' CARBOCYSTEINE 5% SP. ADULTE'],produits/350121.jpo,680,FL/120,SIROP,non specifié,5
87,350121,[' CARBOCYSTEINE 5% SP. ADULTE'],produits/350121.jpo,700,FL/200,SIROP,non specifié,5
88,350220,[' OXOMEMAZINE+GUAÏFENESINE (1.65+33.3)MG SP.'],produits/350220.jpo,800,FL/150,SIROP,non specifié,5
89,350220,[' OXOMEMAZINE+GUAÏFENESINE (1.65+33.3)MG SP.'],produits/350220.jpo,785,FL/120,SIROP,non specifié,5
90,350310,[' TERPINE+CODEINE (100+5)MG CP.'],produits/350310.jpo,16 000,B/1000,COMPRIMES,non specifié,5
91,350420,"[' DEXTROMETHORPHANE 15MG', '5ML SP ADULTE SANS SUCRE (DRILL)']",produits/350420.jpg,1 885,FL/125,SIROP,non specifié,5
92,360110,[' SALBUTAMOL 2MG CP.'],produits/360110.jpo,3 075,B/1000,COMPRIMES,non specifié,21
93,360120,"[' SALBUTAMOL 2MG', '5ML SP.']",produits/360120.jpo,410,FL/120,SIROP,non specifié,21
94,360130,"[' SALBUTAMOL POUR INHALATION PAR NEBULISEUR 2.5MG', '2.5ML']",produits/360130.jpo,350,FL/20,SPRAY,non specifié,21
95,360140,[' SALBUTAMOL 0.5 AMP. INJ.'],produits/360140.jpo,650,B/5,INJECTABLE,non specifié,21
96,360190,[' SALBUTAMOL SPRAY 0.5MG'],produits/360190.jpo,485,FL/200,LIQUIDE,non specifié,21
97,360240,"[' EPHEDRINE 30MG', 'ML AMP. INJ.']",produits/360240.jpo,22 515,B/100,INJECTABLE,non specifié,21
98,360240,"[' EPHEDRINE 30MG', 'ML AMP. INJ.']",produits/360240.jpo,1 350,B/10,INJECTABLE,non specifié,21
99,360241,"[' NEOSTIGMINE 0.5MG', 'ML INJ.']",produits/360241.jpo,750,B/5,INJECTABLE,non specifié,21
100,621401,"["" MASQUE A HAUTE CONCENTRATION D' OXYGENE ENFANT""]",produits/MASQUE A HAUTE CONCENTRATION D' OXYGENE ADULTE.jpeg,4 500,UN,MATERIEL,matériel,21
101,500040,"[' GRANISETRON 3MG', '3ML INJ. B', '5']",produits/500040.jpo,6 425,B/5,INJECTABLE,non specifié,33
102,500040,"[' GRANISETRON 3MG', '3ML INJ. B', '1']",produits/500040.jpo,1 805,B/1,INJECTABLE,non specifié,33
103,500041,"[' ONDASETRON 2MG', 'ML AMP. INJ. (4ML)']",produits/500041.jpo,3 700,B/10,INJECTABLE,non specifié,33
104,500042,"[' ONDANSETRON 8MG', '4ML INJ']",produits/500042.jpo,7 220,B/5,INJECTABLE,non specifié,33
105,500043,"[' IRINOTECAN 100MG INJ. (FL', '5ML)']",produits/500043.jpo,17 790,B/1,INJECTABLE,non specifié,33
106,500044,"[' PEG INTERFERON 180µ', '0.5ML']",produits/500044.jpo,74 000,B/1,INJECTABLE,non specifié,33
107,500111,[' MYCOPHENOLATE MOFETIL 500MG COMP'],produits/500111.jpo,5 745,B/40,COMPRIMES,non specifié,33
108,500111,[' MYCOPHENOLATE MOFETIL 500MG COMP'],produits/500111.jpo,8 615,B/60,COMPRIMES,non specifié,33
109,500140,[' BLEOMYCINE 15MG INJ.'],produits/500140.jpo,5 775,B/1,INJECTABLE,non specifié,33
110,500143,[' ACTINOMYCINE D 0.5MG INJ.'],produits/500143.jpo,8 660,B/1,INJECTABLE,non specifié,33
111,500145,[' GEMCITABINE 200MG INJ.'],produits/500145.jpo,4 330,B/1,INJECTABLE,non specifié,33
112,500146,[' GEMCITABINE 1000MG INJ'],produits/500146.jpo,14 890,B/1,INJECTABLE,non specifié,33
113,500240,[' DOXORUBICINE HYDROCHLORIDE 10MG INJ.'],produits/500240.jpo,1 220,B/1,INJECTABLE,non specifié,33
114,500241,[' DOXORUBICINE 50MG INJ.'],produits/500241.png,6 670,B/1,INJECTABLE,non specifié,33
115,500243,[' EPIRUBICINE 50MG INJ.'],produits/500243.png,17 245,B/1,INJECTABLE,non specifié,33
116,500245,"[' EPIRUBICINE 10MG', '5ML INJ.']",produits/500245.png,3 450,B/1,INJECTABLE,non specifié,33
117,500343,"[' CISPLATINE 10MG', '20ML INJ. (20ML)']",produits/500343.jpo,2 775,B/1,INJECTABLE,non specifié,33
118,500344,[' OXALIPLATINE 50MG INJ'],produits/500344.png,7 000,B/1,INJECTABLE,non specifié,33
119,500345,[' OXALIPLATINE 100MG INJ'],produits/500345.png,8 500,B/1,INJECTABLE,non specifié,33
120,500440,[' CARBOPLATINE 150MG INJ.'],produits/500440.png,11 550,B/1,INJECTABLE,non specifié,33
121,500442,"[' VINORELBINE 50MG', '5ML']",produits/500442.png,94 500,B/5,INJECTABLE,non specifié,33
122,500442,"[' VINORELBINE 50MG', '5ML']",produits/500442.png,22 665,B/1,INJECTABLE,non specifié,33
123,500443,[' DACARBAZINE 100MG INJ.'],produits/500443.jpo,32 470,B/10,INJECTABLE,non specifié,33
124,500443,[' DACARBAZINE 100MG INJ.'],produits/500443.jpo,3 247,B/1,INJECTABLE,non specifié,33
125,500444,"[' VINCRISTINE 1MG', '1ML']",produits/500444.png,2 670,B/1,INJECTABLE,non specifié,33
126,500447,[' VINBLASTINE 10MG INJ.'],produits/500447.jpo,3 250,B/1,INJECTABLE,non specifié,33
127,500460,[' CARBOPLATINE 450MG INJ.'],produits/500460.jpo,21 650,B/1,INJECTABLE,non specifié,33
128,500510,[' HYDROXYUREA 500MG CAPSULE'],produits/500510.jpo,14 450,B/100,CAPSULE,non specifié,33
129,500511,[' TAMOXIFENE 20MG COMP'],produits/500511.jpo,2 490,B/30,COMPRIME,non specifié,33
130,500540,[' CISPLATINE 50MG INJ.'],produits/500540.jpo,4 330,B/1,INJECTABLE,non specifié,33
131,500640,[' DOCETAXEL 20MG INJ.+SOVANT'],produits/500640.jpo,6 230,B/1,INJECTABLE,non specifié,33
132,500641,[' DOCETAXEL 80MG INJ.+SOVANT'],produits/500641.jpo,20 550,B/1,INJECTABLE,non specifié,33
133,500710,[' CYCLOSPORINE 25MG CAPSULE'],produits/500710.jpo,6 500,B/30,CAPSULE,non specifié,33
134,500711,[' CYCLOSPORINE 50MG CAPSULE'],produits/500711.jpo,12 180,B/30,CAPSULE,non specifié,33
135,500712,[' CYCLOSPORINE 100MG CAPSULE'],produits/500712.jpo,19 485,B/30,CAPSULE,non specifié,33
136,500740,"[' FLUORO 5 URACIL 500MG', '10ML INJ.']",produits/500740.jpo,2 910,B/1,INJECTABLE,non specifié,33
137,500740,"[' FLUORO 5 URACIL 500MG', '10ML INJ.']",produits/500740.jpo,9 420,B/10,INJECTABLE,non specifié,33
138,500741,"[' FLUORO 5 URACIL 1G', '20ML INJ.']",produits/500741.jpo,1 033,B/1,INJECTABLE,non specifié,33
139,500742,[' FLUORO 5 URACIL 250MG'],produits/500742-.jpo,4 725,B/5,COMPRIME,non specifié,33
140,500810,[' METHOTREXAT 2.5MG CP.'],produits/500810.jpo,2 595,B/50,COMPRIMES,non specifié,33
141,500810,[' METHOTREXAT 2.5MG CP.'],produits/500810.jpo,2 125,B/30,COMPRIMES,non specifié,33
142,500840,[' CYCLOPHOSPHAMIDE 500MG INJ.'],produits/500840.jpo,5 055,B/1,INJECTABLE,non specifié,33
143,500841,[' CYCLOPHOSPHAMIDE 1 G INJ'],produits/500841.jpo,7 220,B/1,INJECTABLE,non specifié,33
144,500842,"[' METHOTREXAT 50MG', '5ML AMP.']",produits/500842.jpo,5 920,B/5,AMPOULE,non specifié,33
145,500843,[' METHOTREXATE 50MG INJ.'],produits/500843.jpo,1 185,B/1,INJECTABLE,non specifié,33
146,500844,[' PEMETREXED 100 MG INJ'],produits/500844.jpo,3 800,B/1,INJECTABLE,non specifié,33
147,500845,[' PEMETREXED 500 MG INJ'],produits/500845.jpo,13 890,B/1,INJECTABLE,non specifié,33
148,500940,[' DACTINOMYCINE 0.5MG INJ.'],produits/500940.jpo,3 020,B/1,INJECTABLE,non specifié,33
149,501040,"[' CYTARABINE 100MG', '5ML AMP. INJ.']",produits/501040.jpo,36 080,B/10,INJECTABLE,non specifié,33
150,501050,[' ETOPOSIDE 100 MG INJ'],produits/501050.jpo,3 020,B/1,INJECTABLE,non specifié,33
151,501140,"[' PACLITAXEL 100MG', '16.66ML INJ.']",produits/501140.jpo,8 660,B/1,INJECTABLE,non specifié,33
152,501210,[' ANASTROZOLE 1MG COMP'],produits/501210.jpo,13 205,B/30,COMPRIME,non specifié,33
153,501211,"[' LETROZOLE 2,5MG COMP']",produits/501211.jpo,64 950,B/30,COMPRIMES,non specifié,33
154,501211,"[' LETROZOLE 2,5MG COMP']",produits/501211.jpo,43 300,B/20,COMPRIMES,non specifié,33
155,501240,[' ACIDE ZOLEDRONIQUE 4 MG INJ'],produits/501240.jpo,8 660,B/1,INJECTABLE,non specifié,33
156,501310,[' CAPECITABINE 150MG COMP'],produits/501310.jpo,16 020,B/60,COMPRIME,non specifié,33
157,501311,[' CAPECITABINE 500MG COMP'],produits/501311.jpo,39 700,B/100,COMPRIMES,non specifié,33
158,501311,[' CAPECITABINE 500MG COMP'],produits/501311.jpo,19 850,B/50,COMPRIMES,non specifié,33
159,501440,[' FOLINATE DE CALCIUM 50 MG INJ'],produits/501440.jpo,7 515,B/5,INJECTABLE,non specifié,33
160,501440,[' FOLINATE DE CALCIUM 50 MG INJ'],produits/501440.jpo,1 805,B/1,INJECTABLE,non specifié,33
161,501510,[' AZATHIOPRINE 50 MG COMP'],produits/501510.jpo,2 338,B/100,COMPRIME,non specifié,33
162,501540,[' MELPHELAN 80 MG INJ'],produits/501540.jpo,14 070,B/1,INJECTABLE,non specifié,33
163,501540,[' MELPHELAN 80 MG INJ'],produits/501540.jpo,70 350,B/5,INJECTABLE,non specifié,33
164,501740,"[' BEVACIZUMAB 100MG', '4ML INJ']",produits/501740.jpo,152 000,B/1,INJECTABLE,non specifié,33
165,501741,"[' BEVACIZUMAB 400MG', '16ML INJ']",produits/501741.jpo,545 000,B/1,INJECTABLE,non specifié,33
166,501840,[' RITUXIMAB 100 MG INJ'],produits/501840.jpo,54 460,B/1,INJECTABLE,non specifié,33
167,501841,[' RITUXIMAB 500 MG INJ'],produits/501841.jpo,217 830,B/1,INJECTABLE,non specifié,33
168,501940,[' TRASTUZUMAB 150 MG INJ'],produits/501940.jpo,128 450,B/1,INJECTABLE,non specifié,33
169,501950,[' THALIDOMIDE  50 MG GEL'],produits/501950.jpo,18 050,B/30,GELULE,non specifié,33
170,500811,[' CYCLOPHOSPHAMIDE 50MG CP.'],produits/500811.jpg,7 700,B/50,COMPRIMES,1,33
171,500846,"[' METHOTREXATE 500 MG', '20 ML INJ']",produits/METHOTREXATE 500 MG:20 ML INJ.jpeg,5 055,B/1,INJECTABLE,INJECTABLE,33
172,460210,[' GLICLAZIDE 80mg COMPRIME'],produits/460211.poo,1 350,B/100,non specifié,non specifié,19
173,460211,[' GLICAZIDE 60 MG LP'],produits/460211.poo,24 405,B/150,COMPRIME,non specifié,19
174,460310,[' METFORMINE 850MG RETARD CP.'],produits/460310.jpo,1 770,B/100,COMPRIME,non specifié,19
175,460311,[' METFORMINE 500MG CP.'],produits/460311.poo,8 680,B/1000,COMPRIMES,non specifié,19
176,460311,[' METFORMINE 500MG CP.'],produits/460311.poo,950,B/100,COMPRIMES,non specifié,19
177,460312,[' METFORMINE 1000MG CP.'],produits/460312.jpo,1 290,B/30,COMPRIME,non specifié,19
178,460410,[' GLIMEPIRIDE 2MG CP.'],produits/460311.poo,1 025,B/100,COMPRIME,non specifié,19
179,460412,[' GLIMEPIRIDE 3MG CP.'],produits/460412.jpo,850,B/60,COMPRIME,non specifié,19
180,460540,"[' INSULINE RAPIDE 100 UI', 'ML']",produits/460540.jpo,800,FL/10,INJECTABLE,non specifié,19
181,460541,"[' INSULINE LENTE 100 UI', 'ML']",produits/460541.jpo,800,FL/10,INJECTABLE,non specifié,19
182,460542,"[' INSULINE SEMI LENTE MIXTE 100 UI', 'ML']",produits/460542.jpo,800,FL/10,INJECTABLE,non specifié,19
183,460640,[' INSULINE ANALOGUE RAPIDE 3ML'],produits/460542.jpo,15 000,B/5,INJECTABLE,non specifié,19
184,460641,[' INSULINE ANALOGUE MIXTE 3ML'],produits/460641.jpo,15 000,B/5,INJECTABLE,non specifié,19
185,460642,"[' INSULINE ANALOGUE LENTE 100 UI', 'ML']",produits/460641.jpo,18 000,B/5,INJECTABLE,non specifié,19
186,460642,"[' INSULINE ANALOGUE LENTE 100 UI', 'ML']",produits/460641.jpo,15 810,P/5,INJECTABLE,non specifié,19
187,460643,"[' INSULINE ANALOGUE LENTE (LANTUS) 100 UI', 'ML']",produits/460641.jpo,15 810,B/5,INJECTABLE,non specifié,19
188,310130,"[' METOPIMAZINE 4MG', 'ML GOUTTES']",produits/im_default.jpg,1 350,FL/30,LIQUIDE,non specifié,15
189,310140,"[' METOPIMAZINE 10MG', 'ML INJ.']",produits/310140.jpo,1 670,B/10,INJECTABLE,non specifié,15
190,480140,"[' ACIDE TRANEXAMIQUE 0.5G', '5ML I.V SOL INJ']",produits/480140.poo,1 500,B/10,INJECTABLE,non specifié,27
191,480160,[' ANTI HEMORROIDAIRE PDE'],produits/480160.jpo,735,T/20,POMMADE,non specifié,27
192,480160,[' ANTI HEMORROIDAIRE PDE'],produits/480160.jpo,735,T/30,POMADE,non specifié,27
193,010140,[' BENZYLPENICILLINE 1MUI AMP INJ.'],produits/010140.jpo,2 200,B/50,INJECTABLE,non specifié,1
194,010240,[' BENZATHINE BENZYLPENICILLINE 1.2 MUI AMP. INJ.'],produits/010240.jpo,4 400,B/50,INJECTABLE,non specifié,1
195,010241,[' BENZATHINE BENZYLPENICILLINE 2.4 MUI AMP. INJ.'],produits/010241.jpo,6 980,B/50,INJECTABLE,non specifié,1
196,010250,[' IMIPENEME+CILASTATINE(500mg+500mg) INJECTABLE'],produits/010250.jpo,5 000,B/1,INJECTABLE,non specifié,1
197,010440,[' AMPICILLINE 1G AMP. INJ.'],produits/010440.jpo,5 000,B/50,INJECTABLE,non specifié,1
198,010440UNC,[' AMPICILLINE 1G AMP. INJ.'],produits/010440UNo.jpo,4 300,B/50,INJECTABLE,non specifié,1
199,010510,[' AMOXICILLINE 500MG GELULE'],produits/010510.png,27 500,B/1000,COMPRIMES - GELULES,non specifié,1
200,010511UNC,[' AMOXICILLINE 250MG CP. DISPERSIBLE'],produits/010511UNo.jpo,1 715,B/100,COMPRIME DISP.,non specifié,1
201,010512,"[' AMOXICILLINE 1G CP. SECABLE B', '24']",produits/010512.jpo,2 000,B/24,COMPRIMES,non specifié,1
202,010512,"[' AMOXICILLINE 1G CP. SECABLE B', '100']",produits/010512.jpo,6 600,B/100,COMPRIMES,non specifié,1
203,010512,"[' AMOXICILLINE 1G CP. SECABLE B', '80']",produits/010512.jpo,4 800,B/80,COMPRIMES,non specifié,1
204,010520,[' AMOXICILLINE 250MG SP.'],produits/010520.jpo,300,FL/60,SIROP,non specifié,1
205,010521,"[' AMOXICILLINE 125MG', '5ML SP.']",produits/010521.jpo,300,FL/60,SIROP,non specifié,1
206,010611,"[' AMOXICILLINE+AC. CLAVULANIQUE (500+62.5)MG CP. B', '10']",produits/010611.poo,625,B/10,COMPRIMES,non specifié,1
207,010611,"[' AMOXICILLINE+AC. CLAVULANIQUE (500+62.5)MG CP. B', '50']",produits/010611.jpo,3 400,B/50,COMPRIMES,non specifié,1
208,010620,[' AMOXICILLINE+AC. CLAVULANIQUE (100+12.5)SP'],produits/010620.jpo,300,FL/100,SIROP,non specifié,1
209,010640,[' AMOXICILLINE+AC. CLAVULANIQUE (1000+200)MG INJ.'],produits/010640.jpo,6 000,B/10,INJECTABLE,non specifié,1
210,010640,[' AMOXICILLINE+AC. CLAVULANIQUE (1000+200)MG INJ.'],produits/010640.jpo,17 000,B/25,INJECTABLE,non specifié,1
211,010690,[' AMOXICILLINE+AC. CLAVULANIQUE (1000+125)MG SACHET'],produits/010690.jpo,2 120,B/16,SACHETS - GRANULES - POUDRES ORALES,non specifié,1
212,010690,[' AMOXICILLINE+AC. CLAVULANIQUE (1000+125)MG SACHET'],produits/010690.jpo,1 590,B/12,SACHETS - GRANULES - POUDRES ORALES,non specifié,1
213,010720,"[' FLUCLOXACILLINE 125MG', '5ML SP.']",produits/010720.jpo,500,FL/100,SIROP,non specifié,1
214,010740,[' OXACILLINE 1G AMP. INJ.'],produits/010740.jpo,8 040,B/50,INJECTABLE,non specifié,1
215,010841UNC,"[' GENTAMICINE 40MG', 'ML AMP. INJ. (2ML)']",produits/010841UNo.jpo,1 390,B/50,INJECTABLE,non specifié,1
216,010842,[' GENTAMICINE 80MG AMP. INJ.'],produits/010842.jpo,2 400,B/50,INJECTABLE,non specifié,1
217,010910,[' ERYTHROMYCINE 500MG CP.'],produits/010910.jpo,3 000,B/100,COMPRIME,non specifié,1
218,010911,[' AZYTHROMYCINE 250 MG CP.'],produits/010911.jpo,3 195,B/6,COMPRIME,non specifié,1
219,011110,[' DOXYCYCLINE 100MG GELULE'],produits/011110.png,6 950,B/1000,COMPRIMES - GELULES,non specifié,1
220,011210,[' SULFAMETHOXAZOLE+TRIMETHOPRIME (400+80)MG CP.'],produits/011210.jpo,6 550,B/1000,COMPRIMES - GELULES,non specifié,1
221,011211,"[' SULFAMETHOXAZOLE+TRIMETHOPRIME (800+160)MG CP. B', '510']",produits/011211.jpo,6 000,B/510,COMPRIMES,non specifié,1
222,011211,"[' SULFAMETHOXAZOLE+TRIMETHOPRIME (800+160)MG CP. B', '1000']",produits/011211.jpo,16 500,B/1000,COMPRIMES,non specifié,1
223,011220,[' SULFAMETHOXAZOLE+TRIMETHOPRIME (200+40)MG SP.'],produits/011220.jpo,370,FL/100,SIROP,non specifié,1
224,011310,[' AZITHROMYCINE 500MG CP.'],produits/011310.poo,3 200,B/3,COMPRIME,non specifié,1
225,011810,[' PHENOXYMETHYL PENICILLINE 250MG CP.'],produits/011810.jpo,500,B/12,COMPRIMES - GELULES,non specifié,1
226,011810,[' PHENOXYMETHYL PENICILLINE 250MG CP.'],produits/011810.jpo,1 200,B/100,COMPRIMES - GELULES,non specifié,1
227,011940,[' CEFOTAXIME 1G INJ. SS SOLVANT'],produits/011940.jpo,7 770,B/50,INJECTABLE,non specifié,1
228,011940,[' CEFOTAXIME 1G INJ. SS SOLVANT'],produits/011940.jpo,5 000,B/25,INJECTABLE,non specifié,1
229,012010,[' CIPROFLOXACINE 250MG CP.'],produits/012010.png,990,B/100,COMPRIME,non specifié,1
230,012011,[' CIPROFLOXACINE 500MG CP.'],produits/012011.png,2 500,B/100,COMPRIME,non specifié,1
231,012140,[' CEFAZOLINE 1G AMP. INJ.'],produits/012140.jpo,11 575,B/25,INJECTABLE,non specifié,1
232,012140,[' CEFAZOLINE 1G AMP. INJ.'],produits/012140.jpo,23 150,B/50,INJECTABLE,non specifié,1
233,012180,[' MUPIROCINE 2% POMMADE TUBE 15G'],produits/012180.jpo,1 585,T/15,POMMADE,non specifié,1
234,012240,[' CEFTRIAXONE 1G AMP. INJ.'],produits/012240.jpo,500,B/1,INJECTABLE,non specifié,1
235,012240,[' CEFTRIAXONE 1G AMP. INJ.'],produits/012240.jpo,25 000,B/50,INJECTABLE,non specifié,1
236,012240UNC,[' CEFTRIAXONE 1G AMP. INJ.'],produits/012140.jpo,5 000,B/10,INJECTABLE,non specifié,1
237,012241,[' CEFTRIAXONE 2G AMP. INJ.'],produits/012241.jpo,750,B/1,INJECTABLE,non specifié,1
238,012242,"[' CIPROFLOXACINE 200 MG', '100ML']",produits/012242.png,1 500,FL/100,INJECTABLE,non specifié,1
239,012310,[' CEFIXIME 200MG CP.'],produits/012310.jpo,5 430,B/100,COMPRIMES - GELULES,non specifié,1
240,012310,[' CEFIXIME 200MG CP.'],produits/012310.jpo,540,B/10,COMPRIMES - GELULES,non specifié,1
241,012310,[' CEFIXIME 200MG CP.'],produits/012310.jpo,1 600,B/20,COMPRIMES - GELULES,non specifié,1
242,012320,"[' CEFIXIME 100MG', '5ML SP.']",produits/012320.jpo,500,FL/40,SIROP,non specifié,1
243,012320,"[' CEFIXIME 100MG', '5ML SP.']",produits/012320.jpo,800,FL/60,SIROP,non specifié,1
244,012440,[' VANCOMYCINE 1G AMP. INJ.'],produits/012440.jpo,2 800,B/1,INJECTABLE,non specifié,1
245,012640,[' CEFUROXIME 750MG INJ'],produits/012640.jpo,800,B/1,INJECTABLE,non specifié,1
246,012641,[' CEFUROXIME 1.5 G INJ'],produits/012641.jpo,960,B/1,INJECTABLE,non specifié,1
247,010511,"[' AMOXICILLINE 250MG CP. DISP. B', '100']",produits/010511.jpg,2 400,B/100,COMPRIMES, ,1
248,900204,[' CANULE DE GUEDEL 70 MM'],produits/CANULE DE GUEDEL 70 MM.jpeg,1 020,UN,MATERIEL,matériel,1
249,670490,[' NEGATOSCOPE 2 PLAGES'],produits/NEGATOSCOPE 2 PLAGES.jpeg,160 600,UN,MATERIEL,matériel,1
250,900112,[' CHARLOTTE LAVABLE'],produits/CHARLOTTE LAVABLE.jpeg,3 000,UN,MATERIEL,matériel,1
251,692022,[' LANCETTES BIONIME'],produits/LANCETTES BIONIME.jpeg,3 600,B/100,MATERIEL,matériel chirurgical,1
252,621400,"["" MASQUE A HAUTE CONCENTRATION D' OXYGENE ADULTE""]",produits/MASQUE A HAUTE CONCENTRATION D' OXYGENE ADULTE.jpeg,4 500,UN,MATERIEL,matériel,1
253,350421,[' DEXTROMETHORPHANE+PHENYLEPHRINE HCL(10MG+5MG) SP ADULTE'],produits/DEXTROMETHORPHANE+PHENYLEPHRINE HCL(10MG+5MG) SP ADULTE.jpeg,800,FL/150,SIROP,sirop,1
254,692811,[' CRACHOIR'],produits/692811.jpo,40,UN,MATERIEL,non specifié,1
255,020110,[' ETHAMBUTOL 400MG CP.'],produits/020110.poo,13 370,B/672,COMPRIME,non specifié,1
256,020207,[' EQUIPEMENT STARTER KIT: MATERIEL DE BASE'],produits/020207.jpo,78 750,KIT,MATERIEL,non specifié,1
257,020208,[' CONSUMABLE KIT: FOURNITURES RENOUVELABLES'],produits/020208.jpo,281 380,K/1000,MATERIEL,non specifié,1
258,020209,"["" KIT REACTIFS A L'AURAMINE O""]",produits/020209.jpo,non specifié,KIT,MATERIEL,non specifié,1
259,020210,[' ISONIAZIDE 100MG CP.'],produits/020210.jpo,2 825,B/100,COMPRIME,non specifié,1
260,020211,[' ISONIAZIDE 300MG CP.'],produits/020211.jpo,11 913,B/672,COMPRIME,non specifié,1
261,020310,[' RIFAMPICINE+ISONIAZIDE (150+75)MG CP.'],produits/020310.jpo,21 335,B/672,COMPRIME,non specifié,1
262,020311,[' RIFAMPICINE+ISONIAZIDE (60+30)MG CP. DISPERSIBLE'],produits/020311.jpo,2 342,B/84,COMPRIMES,non specifié,1
263,020311,[' RIFAMPICINE+ISONIAZIDE (60+30)MG CP. DISPERSIBLE'],produits/020311.jpo,7 635,B/672,COMPRIMES,non specifié,1
264,020410,[' RIFAMPICINE+ISONIAZIDE+PYRAZINAMIDE (60+30+150)MG CP. DISPER'],produits/020410.jpo,1 230,B/84,COMPRIMES,non specifié,1
265,020410,[' RIFAMPICINE+ISONIAZIDE+PYRAZINAMIDE (60+30+150)MG CP. DISPER'],produits/020410.jpo,9 813,B/672,COMPRIMES,non specifié,1
266,020510,[' PYRAZINAMIDE 400MG CP.'],produits/020510.poo,10 910,B/672,COMPRIME,non specifié,1
267,020610,[' RIFAMPICINE+ISONIAZIDE+PYRAZINAMIDE+ETHAMBUTOL (150+75+400+2'],produits/020610.jpo,36 657,B/672,COMPRIME,non specifié,1
268,020740,[' STREPTOMYCINE 1G AMP. INJ.'],produits/020740.jpo,3 513,B/50,INJECTABLE,non specifié,1
269,020740,[' STREPTOMYCINE 1G AMP. INJ.'],produits/020740.jpo,13 360,B/100,INJECTABLE,non specifié,1
270,020810,"[' RIFAMPICINE 75 MG+ ISONIAZIDE 50 (PED) B', '84']",produits/020810.jpo,3 865,B/84,COMPRIMES,non specifié,1
271,020810,"[' RIFAMPICINE 75 MG+ ISONIAZIDE 50 (PED) B', '672']",produits/020810.jpo,30 920,B/672,COMPRIMES,non specifié,1
272,020811,[' RIFAMPICINE75+ISONIAZIDE 50+ PYRAZINAMIDE 150(PED)'],produits/020810.jpo,4 425,B/84,COMPRIMES,non specifié,1
273,020816,"[' AMIKACIN 500MG', '2ML INJ.']",produits/020816.jpo,315,B/1,INJECTABLE,non specifié,1
274,030110,[' EFAVIRENZ 50MG'],produits/030110.jpo,1 550,B/30,COMPRIME,non specifié,1
275,030111,[' EFAVIRENZ 200MG CAPSULE'],produits/030111.jpo,4 339,B/30,CAPSULE,non specifié,1
276,030112,[' EFAVIRENZ 600MG CP.'],produits/030112.jpo,1 948,B/30,COMPRIME,non specifié,1
277,030210,[' NEVIRAPINE 200MG CP.'],produits/030210.jpo,1 299,B/60,COMPRIME,non specifié,1
278,030410,[' LAMIVUDINE 150MG CP.'],produits/030410.jpo,1 299,B/60,COMPRIME,non specifié,1
279,030510,[' ZIDOVUDINE+LAMIVUDINE (60+30)MG CP.'],produits/030510.jpo,1 385,B/60,COMPRIME,non specifié,1
280,030511,[' ZIDOVUDINE+LAMIVUDINE (300+150)MG CP.'],produits/030511.poo,4 546,B/60,COMPRIMES,non specifié,1
281,030610,[' TENOFOVIR 300MG CP.'],produits/030610.jpo,4 500,B/30,COMPRIME,non specifié,1
282,030610PNLH,[' TENOFOVIR 300MG CP.'],produits/030610PNLH-.jpo,1 575,B/30,COMPRIME,non specifié,1
283,030710,[' ABACAVIR 300MG CP.'],produits/030710.jpo,5 016,B/60,COMPRIMES,non specifié,1
284,030711,[' ENTECAVIR 0.5MG COMP'],produits/030711.jpo,8 660,B/30,COMPRIME,non specifié,1
285,031010,[' LOPINAVIR+RITONAVIR (200+50)MG CP.'],produits/031010.poo,11 862,B/120,COMPRIME,non specifié,1
286,031010G,[' LOPINAVIR+RITONAVIR (200+50)MG CP.'],produits/031010G.jpo,19 100,B/120,COMPRIME,non specifié,1
287,031011,[' LOPINAVIR+RITONAVIR (100+25)MG CP.'],produits/031011.jpo,4 344,B/60,COMPRIME,non specifié,1
288,031012,[' RITONAVIR 100MG CP.'],produits/031011.jpo,5 542,B/30,COMPRIMES,non specifié,1
289,031012,[' RITONAVIR 100MG CP.'],produits/031012.jpo,11 084,B/60,COMPRIMES,non specifié,1
290,031020,"[' LOPINAVIR+RITONAVIR 80MG', '20ML SP.']",produits/031020.jpo,29 114,FL/300,SIROP,non specifié,1
291,031021,"[' ZIDOVUDINE 10MG', 'ML SB. FL', '240ML']",produits/031021.jpo,2 910,FL,SIROP,non specifié,1
292,031110,[' TENOFOVIR+LAMIVUDINE (300+300)MG CP.'],produits/031110.jpo,2 165,B/30,COMPRIME,non specifié,1
293,031210,[' TENOFOVIR+EMTRICITABINE (300+200)MG CP.'],produits/031210.jpo,5 827,B/30,COMPRIME,non specifié,1
294,031310,[' ATAZANAVIR+RITONAVIR (300+100)MG CP.'],produits/031310.poo,10 597,B/30,COMPRIME,non specifié,1
295,031410,[' TENOFOVIR+LAMIVUDINE+EFAVIRENZ (300+300+600)MG CP.'],produits/031410.jpo,3 500,B/30,COMPRIMES,non specifié,1
296,031501,[' RALTEGRAVIR(isentress) 400MG CP'],produits/031501.jpo,28 350,B/60,COMPRIME,non specifié,1
297,031510,[' LAMIVUDINE+NEVIRAPINE+ZIDOVUDINE (150+200+300)MG CP.'],produits/031510.jpo,4 048,B/60,COMPRIMES,non specifié,1
298,031511,[' LAMIVUDINE+NEVIRAPINE+ZIDOVUDINE (30+50+60)MG CP.'],produits/031210.jpo,1 991,B/60,COMPRIME,non specifié,1
299,031610,[' TENOFOVIR+EFAVIRENZ+EMTRICITABINE (300+600+200)MG CP.'],produits/031610.jpo,4 329,B/30,COMPRIME,non specifié,1
300,031710,[' DARUNAVIR 600MG CP.'],produits/031710.jpo,47 622,B/60,COMPRIME,non specifié,1
301,031840,[' GANCICLOVIR LYOPHILISAT 500MG'],produits/031840.jpo,14 435,B/1,COMPRIME,non specifié,1
302,031910,[' ACYCLOVIR 200MG CP.'],produits/031910.jpo,1 585,B/100,COMPRIME,non specifié,1
303,032010,[' ABACAVIR+LAMIVUDINE (60+30)MG CP.'],produits/032010-.jpo,2 598,B/60,COMPRIME,non specifié,1
304,032011,[' ABACAVIR +LAMIVUDINE(600+300)MG CP.'],produits/032011.jpo,9 070,B/30,COMPRIME,non specifié,1
305,031411FM,[' TENOFOVIR +LAMIVUDIN+DOLITEGRAVIR (300+300+50) ML'],produits/031411FM.jpo,non specifié,B/30,COMPRIMES - GELULES,non specifié,1
306,040340,"[' QUININE 200MG', '2ML AMP. INJ.']",produits/040340.jpo,6 245,B/100,INJECTABLE,non specifié,1
307,040341,"[' QUININE 400MG', '4ML AMP. INJ.']",produits/040341.jpo,8 400,B/100,INJECTABLE,non specifié,1
308,040410,[' SULFADOXINE+PYRIMETHAMINE (500+25)MG CP.'],produits/040410.jpo,120,PLQ/3,COMPRIME,non specifié,1
309,040910,[' HYDROXYCHLOROQUINE 200 MG CP.'],produits/040910.poo,4 065,B/30,COMPRIMES,non specifié,1
310,050111,[' METRONIDAZOLE 500MG CP.'],produits/050111.poo,10 000,B/1000,COMPRIMES - GELULES,non specifié,1
311,050120,"[' METRONIDAZOLE 200MG', '5ML SP.']",produits/050120.jpo,450,FL/100,SIROP,non specifié,1
312,050120,"[' METRONIDAZOLE 200MG', '5ML SP.']",produits/050120.jpo,670,FL/120,SIROP,non specifié,1
313,050120,"[' METRONIDAZOLE 200MG', '5ML SP.']",produits/050120.jpo,350,FL/60,SIROP,non specifié,1
314,050121,[' METRONIDAZOLE 125MG SP.'],produits/050121.jpo,360,FL/120,SIROP,non specifié,1
315,050140,[' METRONIDAZOLE 500MG PERF'],produits/050140.jpo,375,FL/100,LIQUIDE,non specifié,1
316,050171,[' METRONIDAZOLE 500MG CP. GYN'],produits/050171.jpo,270,B/10,COMPRIME,non specifié,1
317,060110,[' GRISEOFULVINE 250MG CP.'],produits/060110-.jpo,2 100,B/100,COMPRIME,non specifié,1
318,060111,"[' GRISEOFULVINE 500MG CP. B', '100']",produits/060111.jpo,3 860,B/100,COMPRIMES,non specifié,1
319,060210,[' NYSTATINE 500.000UI CP.'],produits/060210.jpo,2 450,B/100,COMPRIMES - GELULES,non specifié,1
320,060210,[' NYSTATINE 500.000UI CP.'],produits/060210.jpo,840,B/1000,COMPRIMES - GELULES,non specifié,1
321,060211,[' NYSTATINE 500MG CP.'],produits/im_default.jpg,27 530,B/1000,COMPRIMES,non specifié,1
322,060211,[' NYSTATINE 500MG CP.'],produits/im_default.jpg,2 450,B/100,COMPRIMES,non specifié,1
323,060220,"[' NYSTATINE 100MG', '5ML SP.']",produits/060220.jpo,545,FL/30,SIROP,non specifié,1
324,060260,[' NYSTATINE 100.000 UI PDE'],produits/060260.jpo,610,T/30,POMMADE,non specifié,1
325,060270,[' NYSTATINE 100.000 UI CP. GYN'],produits/060270.jpo,1 000,B/100,COMPRIME,non specifié,1
326,060410,[' TERBINAFINE 250MG CP.'],produits/060410.jpo,5 250,B/100,COMPRIME,non specifié,1
327,060460,[' TERBINAFINE 1% CREME'],produits/060460.png,400,T/15,CREME,non specifié,1
328,060510,[' FLUCONAZOLE 50MG CP.'],produits/060510.poo,500,B/7,COMPRIME,non specifié,1
329,060511,[' FLUCONAZOLE 100MG CP.'],produits/060511.jpo,996,B/60,COMPRIME,non specifié,1
330,060540,[' FLUCONAZOLE 100MG INJ.'],produits/060540.jpo,900,B/1,INJECTABLE,non specifié,1
331,060560,[' CLOTRIMAZOLE CREME 2%'],produits/060560.png,650,T/20,CREME,non specifié,1
332,060660,[' ECONAZOLE CREME'],produits/060660.jpo,1 000,T/30,CREME,non specifié,1
333,060111,"[' GRISEOFULVINE 500MG CP. B', '200']",produits/060111.jpg,7 875,B/200,COMPRIMES, ,1
334,070110,[' MEBENDAZOLE 100MG CP.'],produits/070110.jpo,3 470,B/1000,COMPRIMES,non specifié,1
335,070110,[' MEBENDAZOLE 100MG CP.'],produits/070110.jpo,400,B/100,COMPRIMES,non specifié,1
336,070111,[' MEBENDAZOLE 500MG CP.'],produits/070111-.jpo,500,B/20,COMPRIME,non specifié,1
337,070120,[' MEBENDAZOLE 100MG SP'],produits/070120.jpo,190,FL/30,SIROP,non specifié,1
338,070210,[' ALBENDAZOLE 400MG CP.'],produits/070210.jpo,1 600,B/100,COMPRIME,non specifié,1
339,070220,"[' ALBENDAZOL 4% SP. FL', '10']",produits/070220.jpo,200,FL/10,SIROP,non specifié,1
340,070220,"[' ALBENDAZOL 4% SP. FL', '30']",produits/070220.jpo,200,FL/30,SIROP,non specifié,1
341,090110,[' PRAZIQUANTEL 600MG CP.'],produits/090110.jpo,63 500,B/1000,COMPRIMES,non specifié,1
342,090110,[' PRAZIQUANTEL 600MG CP.'],produits/090110.jpo,7 240,B/100,COMPRIMES,non specifié,1
343,260140,[' SALBUTAMOL 0.5 AMP. INJ.'],produits/260140.jpo,550,B/5,INJECTABLE,non specifié,9
344,260141,[' SALBUTAMOL 0.5 AMP. INJ.'],produits/260140.jpo,550,B/5,INJECTABLE,non specifié,9
345,260160,[' ALCOOL 95° LITRE'],produits/260160.jpo,1 400,L,LIQUIDE,non specifié,9
346,260161,[' ALCOOL 70° LITRE'],produits/260161.jpo,1 165,L,LIQUIDE,non specifié,9
347,260260,[' ALCOGEL'],produits/260260-.poo,1 200,FL/500,non specifié,non specifié,9
348,260261,"[' SOLUTION HYDROALCOOLIQUE FL', '500ML']",produits/260261.poo,1 600,FL/500,LIQUIDE,non specifié,9
349,260262,[' ALCOGEL GM'],produits/260262.jpo,11 000,FL/5L,LIQUIDE,non specifié,9
350,260660,[' ETHER DERMIQUE'],produits/260660.jpo,4 740,FL/500,LIQUIDE,non specifié,9
351,260760,[' POVIDONE IODE 10% SOL DERM.'],produits/260760.jpo,700,FL/125,LIQUIDE,non specifié,9
352,260760,[' POVIDONE IODE 10% SOL DERM.'],produits/260760.poo,1 990,FL/500,LIQUIDE,non specifié,9
353,260761,[' POVIDONE IODE 10% SOL GYN.'],produits/260761.jpo,700,FL/125,LIQUIDE,non specifié,9
354,260762,[' POVIDONE IODE 4% SCRUB'],produits/260762.poo,700,FL/125,LIQUIDE,non specifié,9
355,260762,[' POVIDONE IODE 4% SCRUB'],produits/260762.poo,1 990,FL/500,LIQUIDE,non specifié,9
356,260760,[' POVIDONE IODE 10% GM DERM.'],produits/260763.jpo,700,FL/125,LIQUIDE,non specifié,9
357,260764,[' POVIDONE IODE 4% SCRUB'],produits/260764.jpo,1 990,FL/500,LIQUIDE,non specifié,9
358,260860,[' SOLUTE DE DAKIN'],produits/260860.jpo,890,FL/500,LIQUIDE,non specifié,9
359,260960,[' EOSINE AQUEUSE 2% 500cc'],produits/260960.jpo,2 100,FL/500,LIQUIDE,non specifié,9
360,260360UNC,[' CHLORHEXIDINE 7.1% SOLUTION'],produits/260360UNo.jpo,175,FL/10,LIQUIDE,non specifié,9
361,260410ADEMAS,[' AQUATABS'],produits/260410iDEMiS.jpo,13 200,B/1000,COMPRIMES,non specifié,9
362,260264,[' ALCOGEL FL 75 ML'],produits/ALCOGEL FL 75 ML.jpeg,450,FL/75,LIQUIDE,ALCOGEL,9
363,320140,"[' ATROPINE 0.25MG', '1ML AMP. INJ.']",produits/320140.jpo,3 960,B/100,INJECTABLE,non specifié,20
364,320240,[' BR. N-BUTYLHYOSCINE 20MG AMP. INJ.'],produits/im_default.jpg,710,B/6,INJECTABLE,non specifié,20
365,320310,[' PHLOROGLUCINOL 80MG CP.'],produits/320310.jpo,1 300,B/30,COMPRIME,non specifié,20
366,320340,"[' PHLOROGLUCINOL 40MG', '4ML AMP. INJ.']",produits/320340.jpo,1 250,B/6,INJECTABLE,non specifié,20
367,320410,[' TRIMEBUTINE 100MG CP.'],produits/320410.jpo,9 600,B/100,COMPRIME,non specifié,20
368,320510,[' THIOCOLCHICOSIDE 4MG CP.'],produits/320510.jpo,2 550,B/12,COMPRIME,non specifié,20
369,320610,[' PAREGORIQUE CP.'],produits/im_default.jpg,16 000,B/1000,COMPRIMES,non specifié,20
370,160110,[' ALFUZOSINE LP 10MG CP.'],produits/160110.jpo,8 000,B/30,COMPRIME,non specifié,39
371,180110,[' FER+AC.FOLIQUE (200+0.25)MG CP.'],produits/im_default.jpg,4 350,B/1000,COMPRIMES,non specifié,8
372,180210,[' ACIDE FOLIQUE 5 MG CP.'],produits/180210-.jpo,7 500,B/500,COMPRIME,non specifié,8
373,180211,[' ACIDE FOLIQUE 2 MG CP.'],produits/180210-.jpo,1 105,B/100,COMPRIME,non specifié,8
374,180220,[' FER 0.68% SP.'],produits/180220.jpo,500,FL/125,SIROP,non specifié,8
375,180240,"[' FER 20MG', 'ML AMP. INJ.']",produits/180240-.poo,12 930,B/5,INJECTABLE,non specifié,8
376,180240,"[' FER 20MG', 'ML AMP. INJ.']",produits/180240-.poo,15 500,B/25,INJECTABLE,non specifié,8
377,180340,[' ERYTHROPOETINE 2000 UI AMP. INJ.'],produits/180340.jpo,3 250,B/1,INJECTABLE,non specifié,8
378,180340,[' ERYTHROPOETINE 2000 UI AMP. INJ.'],produits/180340.jpo,19 500,B/6,INJECTABLE,non specifié,8
379,180341,[' ERYTHROPOETINE 5000 UI AMP. INJ.'],produits/180341.jpo,45 000,B/6,INJECTABLE,non specifié,8
380,180341,[' ERYTHROPOETINE 5000 UI AMP. INJ.'],produits/180341.jpo,7 500,B/1,INJECTABLE,non specifié,8
381,180342,[' ERYTHROPOETINE 10000 UI AMP. INJ.'],produits/180342.jpo,10 010,B/1,INJECTABLE,non specifié,8
382,180342,[' ERYTHROPOETINE 10000 UI AMP. INJ.'],produits/180342.jpo,60 060,B/6,INJECTABLE,non specifié,8
383,180343,[' ERYTHROPOETINE 4000 UI AMP. INJ.'],produits/180343.jpo,5 200,B/1,INJECTABLE,non specifié,8
384,180343,[' ERYTHROPOETINE 4000 UI AMP. INJ.'],produits/180343.jpo,31 200,B/6,INJECTABLE,non specifié,8
385,180440,"[' ERYTHROPOETINE BETA 50MG', '0.3ML']",produits/im_default.jpg,25 000,B/1,INJECTABLE,non specifié,8
386,190110,[' ETAMSYLATE 250MG CP.'],produits/190110.jpo,560,B/20,COMPRIME,non specifié,8
387,190111,[' ETAMSYLATE 500 MG COMP'],produits/190111.jpo,850,B/20,COMPRIME,non specifié,8
388,190140,[' ETAMSYLATE 250MG AMP. INJ.'],produits/190140.jpo,6 250,B/10,INJECTABLE,non specifié,8
389,190240,[' PHYTOMENADIONE 10MG AMP. INJ.'],produits/190240.jpo,1 260,B/10,INJECTABLE,non specifié,8
390,190240,[' PHYTOMENADIONE 10MG AMP. INJ.'],produits/190240.jpo,630,B/5,INJECTABLE,non specifié,8
391,190240UNC,[' PHYTOMENADIONE 10MG AMP. INJ.'],produits/190240UNo.jpo,1 260,B/10,INJECTABLE,non specifié,8
392,200140,"[' ENOXAPARINE SODIQUE 40MG', '0.4ML']",produits/200140.jpo,3 600,B/2,INJECTABLE,non specifié,8
393,200141,"[' ENOXAPARINE 6000 UI', '0.6ML INJ.']",produits/200141.jpo,4 625,B/2,INJECTABLE,non specifié,8
394,200142,"[' ENOXAPARINE 2000 UI', '0.2ML INJ.']",produits/200142.jpo,2 900,B/2,INJECTABLE,non specifié,8
395,200143,"[' ENOXAPARINE 8000 UI', '0.8ML INJ.']",produits/200143.jpo,5 880,B/2,INJECTABLE,non specifié,8
396,200144,"[' CONCENTRE DE FACTEUR ANTI HEMOPHILIQUE IX 500UI', '10ML']",produits/200144.jpo,76 485,FL/1,INJECTABLE,non specifié,8
397,200145,"[' CONCENTRE DE FACTEUR ANTI HEMOPHILIQUE VIII 500UI', '10ML']",produits/200144.jpo,69 995,FL/1,INJECTABLE,non specifié,8
398,200241,"[' HEPARINATE DE SODIUM 5000UI', 'ML INJ. (FL', '5ML)']",produits/200241.jpo,15 300,B/15,INJECTABLE,non specifié,8
399,200242,"[' HEPARINATE DE SODIUM 25000UI', '5ML (FL', '5ML)']",produits/200242.jpo,10 200,B/10,INJECTABLE,non specifié,8
400,200242,"[' HEPARINATE DE SODIUM 25000UI', '5ML (FL', '5ML)']",produits/200242.jpo,15 300,B/15,INJECTABLE,non specifié,8
401,200340,[' STREPTOKINASE 1500000UI'],produits/200340.jpo,27 500,B/1,INJECTABLE,non specifié,8
402,200410,[' ACENOCOUMAROL 4MG COMP'],produits/200410-.jpo,1 400,B/30,COMPRIME,non specifié,8
403,200411,[' ACENOCOUMAROL 4MG COMP SECABLE'],produits/200410-.jpo,1 955,B/30,COMPRIME,non specifié,8
404,210140,[' GELATINE FLUIDE MODIFIEE (FLACON)'],produits/210140.jpo,2 350,FL/500,LIQUIDE,non specifié,8
405,210141,[' GELATINE FLUIDE MODIFIEE (POCHE)'],produits/210141.jpo,2 350,PC/500,LIQUIDE,non specifié,8
406,230110,[' FUROSEMIDE 40MG CP.'],produits/230110-.jpo,390,B/100,COMPRIMES,non specifié,10
407,230110,[' FUROSEMIDE 40MG CP.'],produits/230110-.jpo,4 425,B/1000,COMPRIMES,non specifié,10
408,230111,[' FUROSEMIDE 60MG RETARD CP.'],produits/230111.jpo,1 655,B/30,COMPRIME,non specifié,10
409,230112,[' FUROSEMIDE 500MG CP.'],produits/230112.poo,11 810,B/100,COMPRIME,non specifié,10
410,230140,[' FUROSEMIDE 20MG AMP. INJ.'],produits/230140.jpo,4 200,B/100,INJECTABLE,non specifié,10
411,230140,[' FUROSEMIDE 20MG AMP. INJ.'],produits/230140.jpo,500,B/10,INJECTABLE,non specifié,10
412,230141,"[' FUROSEMIDE 250MG', '25ML AMP INJ']",produits/230141.jpo,21 660,B/25,INJECTABLE,non specifié,10
413,230210,[' DILTIAZEM 60MG COMP'],produits/230210.jpo,600,B/50,INJECTABLE,non specifié,10
414,230310,[' METHYLDOPA 250MG CP.'],produits/230310.jpo,2 280,B/100,COMPRIME,non specifié,10
415,230510,[' NICARDIPINE 20MG CP.'],produits/230510.jpo,5 480,B/100,COMPRIMES,non specifié,10
416,230510,[' NICARDIPINE 20MG CP.'],produits/230510.jpo,2 100,B/30,COMPRIMES,non specifié,10
417,230511,[' NICARDIPINE 10 MG GELULE'],produits/230511.jpo,2 830,B/100,GELULE,non specifié,10
418,230540,"[' NICARDIPINE 10MG', '10ML']",produits/230540.jpo,12 990,B/10,INJECTABLE,non specifié,10
419,230540,"[' NICARDIPINE 10MG', '10ML']",produits/230540.jpo,4 125,B/5,INJECTABLE,non specifié,10
420,230610,[' ATENOLOL 100MG CP.'],produits/230610.jpo,170,PLQ/14,COMPRIME,non specifié,10
421,230630,"[' ATENOLOL 5MG', '10ML INJ.']",produits/230630.jpo,3 900,B/10,INJECTABLE,non specifié,10
422,230710,[' PROPANOLOL 40MG CP.'],produits/230710.poo,650,B/100,COMPRIMES,non specifié,10
423,230710,[' PROPANOLOL 40MG CP.'],produits/230710.poo,325,B/50,COMPRIMES,non specifié,10
424,230810,[' CAPTOPRIL 50MG CP.'],produits/230810-.jpo,1 950,B/150,COMPRIME,non specifié,10
425,230811,[' CAPTOPRIL 25MG CP.'],produits/230811.jpo,3 025,B/150,COMPRIMES,non specifié,10
426,230811,[' CAPTOPRIL 25MG CP.'],produits/230811.jpo,750,B/100,COMPRIMES,non specifié,10
427,230910,[' AMLODIPINE 10MG CP.'],produits/230910.jpo,2 000,B/500,COMPRIMES,non specifié,10
428,230910,[' AMLODIPINE 10MG CP.'],produits/230910.jpo,1 500,B/90,COMPRIMES,non specifié,10
429,230910,[' AMLODIPINE 10MG CP.'],produits/230910.jpo,1 500,B/30,COMPRIMES,non specifié,10
430,230910,[' AMLODIPINE 10MG CP.'],produits/230910.jpo,1 500,B/300,COMPRIMES,non specifié,10
431,240110,[' DIGOXINE 0.25MG CP.'],produits/240110.jpo,300,B/40,COMPRIME,non specifié,10
432,240210,[' AMIODARONE 200MG CP.'],produits/240210.jpo,1 310,B/30,COMPRIME,non specifié,10
433,270160,[' BENZOATE BENZYLE 25% LOTION'],produits/270160.jpo,2 300,FL/250,LOTION,non specifié,11
434,270161,[' CREME SOLAIRE 50+'],produits/270161.jpo,10 780,FL/250,CREME,non specifié,11
435,300110,[' ALUMINIUM MAGNESIUM SELS CP.'],produits/im_default.jpg,1 730,B/100,COMPRIMES,non specifié,13
436,300110,[' ALUMINIUM MAGNESIUM SELS CP.'],produits/im_default.jpg,5 400,B/1000,COMPRIMES,non specifié,13
437,300110,[' ALUMINIUM MAGNESIUM SELS CP.'],produits/im_default.jpg,650,B/40,COMPRIMES,non specifié,13
438,300210,[' CIMETIDINE 400MG CP.'],produits/300210.jpo,1 080,B/100,COMPRIME,non specifié,13
439,300310,[' OMEPRAZOLE 20MG GELULE'],produits/300310.jpo,885,B/14,GELULES,non specifié,13
440,300310,[' OMEPRAZOLE 20MG GELULE'],produits/300310.jpo,1 500,B/100,GELULES,non specifié,13
441,300311,[' OMEPRAZOLE 10MG GELULE'],produits/300310.jpo,1 000,B/14,COMPRIMES,non specifié,13
442,300311,[' OMEPRAZOLE 10MG GELULE'],produits/300311.jpo,2 140,B/30,GELULES,non specifié,13
443,330190,[' LACTULOSE 10G SACHET'],produits/330190.jpo,2 780,B/20,SACHET,non specifié,13
444,340110,[' CHARBON ACTIVE 400 MG COMP'],produits/340110.jpo,18 000,B/1000,COMPRIMES,non specifié,13
445,340190,[' S.R.O. A FAIBLE OSMOLARITE'],produits/340190.jpo,2 250,B/100,POUDRES,non specifié,13
446,340190,[' S.R.O. A FAIBLE OSMOLARITE'],produits/340190.jpo,2 250,B/50,POUDRES,non specifié,13
447,340191,[' KIT S.R.O. A FAIBLE OSMOLARITE SACHET+ZINC(SULPHATE)'],produits/340191.jpo,225,KIT,COMPRIME,non specifié,13
448,490190,"["" KIT D'HEMODIALYSE TYPE FRESENIUS""]",produits/490190.jpo,40 173,KIT,non specifié,non specifié,23
449,490192,"["" KIT D'HEMODIALYSE TYPE NIPRO""]",produits/490192.jpo,40 173,KIT,MATERIEL,non specifié,23
450,490193,"["" KIT D'HEMODIALYSE TYPE B BRAUN""]",produits/490193.jpo,40 173,KIT,non specifié,non specifié,23
451,490240,[' POCHE 1.36% ISOTONIQUE DPCA (JAUNE)'],produits/490240.jpo,4 665,PC/2L,LIQUIDE,non specifié,23
452,490241,[' POCHE 2.27% INTERMEDIAIRE DPCA (VERT)'],produits/im_default.jpg,4 665,PC/2L,LIQUIDE,non specifié,23
453,490242,[' POCHE  3.86% HYPERTONIQUE DPCA (ROUGE)'],produits/im_default.jpg,4 665,PC/2L,LIQUIDE,non specifié,23
454,490245,[' POCHE 1.36% ISOTONIQUE DPA (JAUNE)'],produits/490245.jpo,4 965,PC/5L,LIQUIDE,non specifié,23
455,490246,[' POCHE  3.86% HYPERTONIQUE DPA (ORANGE)'],produits/490246.jpo,4 965,PC/5L,LIQUIDE,non specifié,23
456,490247,[' POCHE 2.27% INTERMEDIAIRE DPA (VERT)'],produits/490247.jpo,4 665,PC/5L,LIQUIDE,non specifié,23
457,490248,[' ACIDE AMINE 1.14% DPCA NUTRINEAL'],produits/im_default.jpg,5 710,PC/2L,LIQUIDE,non specifié,23
458,490249,"[' ICODEXTRINE 7.5%', 'DPCA EXTRANEAL']",produits/im_default.jpg,8 915,PC/2L,LIQUIDE,non specifié,23
459,490490,"[' MINICAPSULE BETADINES DPCA', 'BOUCHON STAYSAFE']",produits/im_default.jpg,175,UN,CAPSULE,non specifié,23
460,490590,[' DIASAFE FILTRE'],produits/490590-.jpo,10 331,UN,MATERIEL,non specifié,23
461,490790,[' PROLONGATEUR POUR DIALYSE PERITONEALE'],produits/490790.jpo,8 500,UN,MATERIEL,non specifié,23
462,490794,"[' POCHE VIDE POUR CONNECTION EXTRANEAL', 'DPCA']",produits/490794.jpo,1 445,UN,MATERIEL,non specifié,23
463,491040,"[' NUTRINEAL 2L ACIDE AMIN2 1.14', 'DPCA']",produits/im_default.jpg,5 710,UN,MATERIEL,non specifié,23
464,492190,[' CATHETERS FEMORAUX DOUBLE LUMIERE DUALYSE-CATH'],produits/492190.jpo,15 155,UN,MATERIEL,non specifié,23
465,492290,[' CATHETERS JUGULAIRES DOUBLE LUMIERE-DUALYSE CATH (150MM)'],produits/492290.jpo,13 710,UN,MATERIEL,non specifié,23
466,492390,[' CATHETER DE TENCKHOFF EN SPIRALE'],produits/492390.jpo,68 875,UN,MATERIEL,non specifié,23
467,492391,[' CATHETER DE TENCKHOFF EN COL DE CYGNE 835 (62CM)'],produits/492391.jpo,119 120,UN,MATERIEL,non specifié,23
468,492490,[' CATHETER PEDIATRIQUE DE TENCKHOFF 365'],produits/im_default.jpg,87 470,UN,MATERIEL,non specifié,23
469,492491,[' CATHETER PEDIATRIQUE DROIT CUFF 37.5CM'],produits/492491.jpo,64 940,UN,MATERIEL,non specifié,23
470,492790,"[' CATHETER TUNNELISABLE LONGUE DUREE 18', '21']",produits/492790.jpo,114 000,UN,MATERIEL,non specifié,23
471,492791,"[' CATHETER TUNNELISABLE LONGUE DUREE 27', '30']",produits/492791.jpo,114 000,UN,MATERIEL,non specifié,23
472,492792,[' CATHETER TUNNELISES 210MM'],produits/492792.jpo,107 800,UN,MATERIEL,non specifié,23
473,492890,[' GUIDES METALLIQUES'],produits/im_default.jpg,137 095,UN,MATERIEL,non specifié,23
474,492990,[' CATHETER POUR DIALYSE PERITONEALE ADULTE 62 CM'],produits/492990.jpo,86 490,UN,MATERIEL,non specifié,23
475,492991,[' CATHETER POUR DIALYSE PERITONEALE ADULTE 57 CM'],produits/492991.jpo,126 850,UN,MATERIEL,non specifié,23
476,690244,[' CASSETTES DPA'],produits/im_default.jpg,9 410,UN,MATERIEL,non specifié,23
477,690245,[' COQUILLE DE PROTECTION'],produits/im_default.jpg,350,UN,MATERIEL,non specifié,23
478,490110,[' TACROLIMUS 1MG CAPSULE'],produits/490110.jpg,8 300,B/10,CAPSULE,non specifié,23
479,430180,"[' PHENAZONE+LIDOCAÏNE GOUTTE AURICULAIRE FL', '15']",produits/430180.jpo,955,FL/10,LIQUIDE,non specifié,25
480,430280,"[' XYLOMETAZOLINE  0,5 ‰ GOUTTE NASALE']",produits/430280.jpo,250,FL/10,GOUTTE,non specifié,25
481,290140,[' OXYTOCINE 5 UI AMP. INJ.'],produits/290140.jpo,540,B/10,INJECTABLE,non specifié,12
482,290210,[' MISOPROSTOL 0.2 MG COMP'],produits/290210.jpo,10 830,B/60,COMPRIMES,non specifié,12
483,290210,[' MISOPROSTOL 0.2 MG COMP'],produits/290210.jpo,722,B/4,COMPRIMES,non specifié,12
484,290240,"[' ERGOMETRINE 0.2MG', '1ML AMP. INJ.']",produits/290240.jpo,1 106,B/10,INJECTABLE,non specifié,12
485,290140UNC,[' OXYTOCINE 5 UI AMP. INJ.'],produits/290140.jpo,540,B/10,INJECTABLE,non specifié,12
486,290210UNC,[' MISOPROSTOL 200 MG CP.'],produits/290210UNo.jpo,982,B/4,COMPRIMES,non specifié,12
487,450190,[' DISPOSITIF INTRA UTERIN (TCU 380 A)'],produits/450190.jpo,550,UN,MATERIEL,non specifié,22
488,450412,"["" LEVONORGESTREL 1.5MG (CONTRACEPTION D'URGENCE) CP.""]",produits/450412.jpo,50,B/1,COMPRIME,non specifié,22
489,450590,[' LEVONORGESTREL 75mg (JADELLE)'],produits/450590-.jpo,8 866,UN,COMPRIME,non specifié,22
490,450791,[' CONDOM FEMININ'],produits/450791.jpo,non specifié,UN,LATEX,non specifié,22
491,450890,[' LUBRIFIANT AQUEUX POUR PRESERVATIF SACHET'],produits/450890.jpo,11 012,B/100,SACHET,non specifié,22
492,450310DSR,[' LEVONORGEST+ETHYNILEST+FER (0.15+0.03+75)MG (MICROG'],produits/450310DSR.jpo,66,PLQ/28,COMPRIMES,non specifié,22
493,450311DSR,[' NORGESTREL+ETHINYLO.+FER (0.3+0.03+75)MG (LOFEMENAL)'],produits/450311DSR.jpo,66,PLQ/28,COMPRIMES,non specifié,22
494,450410DSR,[' LEVONORGESTREL 0.03MG (MICROLUT-CYCLE) CP.'],produits/450410DSR.jpo,66,PLQ/35,COMPRIME,non specifié,22
495,450412DSR,"["" LEVONORGESTREL 1.5MG (CONTRACEPTION D'URGENCE) CP.""]",produits/450412DSR.jpo,50,B/1,COMPRIME,non specifié,22
496,450413DSR,"["" LEVONORGESTREL 0.75mg (CONTRACEPTION D'URGENCE) COMPRIME""]",produits/450413DSR.jpo,100,B/2,COMPRIME,non specifié,22
497,450590DSR,[' LEVONORGESTREL 2x75MG (JADELLE) CP.'],produits/450590DSR.jpo,330,UN,COMPRIME,non specifié,22
498,450690DSR,[' ETONOGESTREL 68MG (IMPLANON)'],produits/450690DSR.jpo,330,UN,IMPLANT,non specifié,22
499,450790DLSI,[' CONDOM MASCULIN'],produits/450790DLSI.jpo,non specifié,C/3000,LATEX,non specifié,22
500,450790DSR,[' CONDOM MASCULIN'],produits/450790DSR.jpo,non specifié,C/3000,LATEX,non specifié,22
501,450791DSR,[' CONDOM FEMININ'],produits/450791DSR.jpo,non specifié,C/1000,LATEX,non specifié,22
502,450792ADEMAS,[' PROTEC FAGARU'],produits/450792iDEMiS.jpo,2 640,B/80,LATEX,non specifié,22
503,450793ADEMAS,[' PROTEC FRAISE'],produits/450792iDEMiS.jpo,2 400,B/48,LATEX,non specifié,22
504,450794ADEMAS,[' PROTEC NATURE'],produits/450794iDEMiS.jpo,1 600,B/48,LATEX,non specifié,22
505,450990DSR,[' COLLIER'],produits/450990DSR.jpo,132,UN,MATERIEL,non specifié,22
506,450242UNFPA,"[' ACETATE MEDROXY PROGEST. 104MG', '0.65ML INJ (SAYANA UNFPA']",produits/450242UNFPi.jpo,132,UN,INJECTABLE,non specifié,22
507,450242DSR,"[' ACETATE DE MEDROXY PROGESTER. 104MG', '0.65ML INJ (SAYANA UNFPA']",produits/450242DSR.jpg,132,UN,INJECTABLE,non specifié,22
508,450240DSR,"[' ACETATE DE MEDROXY PROGESTERONE 150MG', 'ML (DEPOPROVERA)']",produits/450240DSR.jpo,132,UN,INJECTABLE,1,22
509,450310,[' LEVONORGES.+ETHYNIL.+FER (0.15+0.03+75)MG (MICROGYNON)'],produits/450310.jpg,231,PLQ/28,COMPRIMES, ,22
510,450310,[' LEVONORGESTREL+ETHYNILESTRADIOL+FER (0.15+0.03+75)MG (MICROG'],produits/LEVONORGESTREL+ETHYNILESTRADIOL+FER (0.15+0.03+75)MG (MICROG.jpeg,231,PLQ/28,COMPRIMES,PRODUIT PF,22
511,380340,[' IMMUNOGLOBULINES HUMAINE ANTI-D 1500 UI'],produits/380340.jpo,23 000,B/1,INJECTABLE,non specifié,14
512,380440,[' SERUM ANTITETANIQUE 1500UI IP'],produits/380440.poo,2 280,B/1,INJECTABLE,non specifié,14
513,380140,[' SERUM ANTIVENIMEUX LYOPHILYSE+SOLVANT'],produits/380140.jpg,31 755,FL/10,INJECTABLE,non specifié,14
514,380240,"[' SERUM ANTIRABIQUE 1000UI', '5ML FL', '5']",produits/im_default.jpg,14 000,FL/5,INJECTABLE,non specifié,14
515,380240,"[' SERUM ANTIRABIQUE 1000UI', '5ML FL', '1']",produits/im_default.jpg,12 200,FL/1,INJECTABLE,non specifié,14
516,390140,[' VACCIN MENINGOCOCCIQUE ACYW135 + DILUANT  DOSE'],produits/390140.jpo,4 800,D,INJECTABLE,non specifié,14
517,390140,[' VACCIN MENINGOCOCCIQUE ACYW135 + DILUANT  DOSE'],produits/390140.jpo,48 000,FL/10,INJECTABLE,non specifié,14
518,420240UNC,"[' CALCIUM GLUCONATE 1G', '10ML AMP. INJ.']",produits/420240UNo.jpo,1 896,B/20,INJECTABLE,non specifié,14
519,410180,[' TETRACYCLINE 1% PDE OPHT'],produits/410180.jpo,80,T/5,POMMADE,non specifié,16
520,410280,[' CETHEXONIUM 0.025% CY'],produits/410280.jpo,790,FL/10,COLLYRE,non specifié,16
521,410380,[' GENTAMYCINE 0.3% COLLYRE'],produits/410380.jpo,660,FL/5,COLLYRE,non specifié,16
522,410480,[' TIMOLOL MALEATE 0.5% COLLYRE'],produits/410480.jpo,870,FL/3,COLLYRE,non specifié,16
523,410580,[' INDOMETACINE 0.1% COLLYRE'],produits/410580.jpo,500,FL/5,COLLYRE,non specifié,16
524,410780,[' KIT POUR OPERATION DE  CATARACTE'],produits/410780.jpo,41 925,KIT,KIT,non specifié,16
525,410781,[' KIT POUR OPERATION DE CATARACTE RECOND'],produits/410781.jpo,20 000,KIT,KIT,non specifié,16
526,170110,[' DIAZEPAM 5 MG COMP'],produits/170110.jpo,6 200,B/1000,COMPRIMES,non specifié,7
527,170140,"[' DIAZEPAM 10MG', '2ML AMP. INJ.']",produits/170140.jpo,10 750,B/100,INJECTABLE,non specifié,7
528,170140,"[' DIAZEPAM 10MG', '2ML AMP. INJ.']",produits/170140.jpo,1 010,B/10,INJECTABLE,non specifié,7
529,170210,[' CHLORPROMAZINE 100MG CP.'],produits/170210.jpo,3 150,B/500,COMPRIMES,non specifié,7
530,170210,[' CHLORPROMAZINE 100MG CP.'],produits/170210.jpo,745,B/100,COMPRIMES,non specifié,7
531,170240,"[' CHLORPROMAZINE 125MG', '5ML AMP. INJ.']",produits/170240.jpo,6 000,B/100,INJECTABLE,non specifié,7
532,170242,"[' FLUPHENAZINE 125MG', '5ML AMP. INJ.']",produits/170242.jpo,47 500,B/10,INJECTABLE,non specifié,7
533,170330,"[' HALOPERIDOL 2MG', 'ML GOUTTES']",produits/170330.jpo,875,FL/100,LIQUIDE,non specifié,7
534,170330,"[' HALOPERIDOL 2MG', 'ML GOUTTES']",produits/170330.jpo,400,FL/30,LIQUIDE,non specifié,7
535,170340,"[' HALOPERIDOL 5MG', 'ML AMP. INJ.']",produits/170340.jpo,2 400,B/10,INJECTABLE,non specifié,7
536,170410,[' PHENOBARBITAL 100MG CP.'],produits/170410.jpo,12 000,B/1000,COMPRIMES,non specifié,7
537,170510,[' VALPROATE DE SODIUM LP 500MG CP.'],produits/170510.jpuo,1 800,B/30,COMPRIME,non specifié,7
538,170511,[' VALPROATE ACIDE 200 MG COMP'],produits/170511.jpo,1 500,B/40,COMPRIME,non specifié,7
539,170610,[' TRIHEXYPHENIDYLE 5MG CP.'],produits/170610.jpo,1 575,B/500,COMPRIMES,non specifié,7
540,170610,[' TRIHEXYPHENIDYLE 5MG CP.'],produits/170610.jpo,1 350,B/100,COMPRIMES,non specifié,7
541,170710,[' CARBAMAZEPINE 200MG CP.'],produits/170710.jpo,2 245,B/100,COMPRIME,non specifié,7
542,170740,"[' ETOMIDATE 20MG', '10ML']",produits/170740.jpo,9 116,B/10,INJECTABLE,non specifié,7
543,170810,[' LEVOMEPROMAZINE 100MG CP.'],produits/170810.jpo,1 500,B/20,COMPRIME,non specifié,7
544,170840,[' LEVOMEPROMAZINE 25MG INJ.'],produits/170840.jpo,1 200,B/5,INJECTABLE,non specifié,7
545,170940,"[' MIDAZOLAM 5MG', '5ML(1MG', '1ML)']",produits/170940.jpo,3 000,B/10,INJECTABLE,non specifié,7
546,170941,"[' MIDAZOLAM 5MG', 'ML']",produits/170941.jpo,3 310,B/10,INJECTABLE,non specifié,7
547,171010,[' THIAMPHENICOL 750MG AMP INJ'],produits/171010.poo,non specifié,B/50,INJECTABLE,non specifié,7
548,171110,[' PIRACETAM 800 MG DEL'],produits/171110.jpo,4 880,B/100,COMPRIME,non specifié,7
549,172040,"[' NALOXONE 0.4 MG', '1ML']",produits/172040.jpo,7 650,B/10,INJECTABLE,non specifié,7
550,170910,[' ALPRAZOLAM 0.5MG COMP SECABLE'],produits/170910.jpg,1 570,B/28,COMPRIMES,non specifié,7
551,170440,[' PHENOBARBITAL 200 MG INJ'],produits/170440.jpg,2 600,B/10,INJECTABLE,non specifié,7
552,400240,[' GLUCOSE 5% SOL PERF (FLACON)'],produits/400240-.jpo,375,FL/500,LIQUIDE,non specifié,24
553,400240,[' GLUCOSE 5% SOL PERF (FLACON)'],produits/400240.jpo,315,FL/250,LIQUIDE,non specifié,24
554,400241,[' GLUCOSE 5% SOL PERF (POCHE)'],produits/400241.jpo,500,PC/500,LIQUIDE,non specifié,24
555,400242,[' GLUCOSE 10% SOL PERF (FLACON)'],produits/400242.jpo,375,FL/500,LIQUIDE,non specifié,24
556,400243,[' GLUCOSE 10% SOL PERF (POCHE)'],produits/400243.jpo,500,PC/500,LIQUIDE,non specifié,24
557,400341,[' SODIUM CHLORURE 0.9% SOL PERF'],produits/400341.jpo,315,FL/250,LIQUIDE,non specifié,24
558,400342,[' SODIUM CHLORURE 0.9% SOL PERF (POCHE)'],produits/Souuee-ohyoieiu-0.9-FL-500ML.jpuo,500,PC/500,LIQUIDE,non specifié,24
559,400343,[' SODIUM CHLORURE 0.9%  2L'],produits/400343.jpo,1 700,FL/2L,LIQUIDE,non specifié,24
560,400440,[' RINGER LACTATE SOL PERF (FLACON)'],produits/400440.jpo,375,FL/500,LIQUIDE,non specifié,24
561,400441,[' RINGER LACTATE SOL PERF (POCHE)'],produits/400441.jpo,500,PC/500,LIQUIDE,non specifié,24
562,400540,"[' MANNITOL 10% SOL PERF Fl', '500ml']",produits/400540.jpo,1 055,FL/500,LIQUIDE,non specifié,24
563,490940,"[' EXTRANEAL 2L ICODEX 7,5% ', ' DPCA']",produits/490940.jpo,8 912,PC/2L,LIQUIDE,non specifié,24
564,440140,[' EPPI 5ML AMP. INJ.'],produits/440140.poo,1 350,B/80,INJECTABLE,non specifié,18
565,440140,[' EPPI 5ML AMP. INJ.'],produits/440140.poo,2 410,B/50,INJECTABLE,non specifié,18
566,130142,"[' FENTANYL 0.1MG', '2ML AMP. INJ.']",produits/130142.jpo,5 880,B/10,INJECTABLE,non specifié,3
567,130310,[' MORPHINE SULFATE 10MG CP.'],produits/130310.jpo,9 260,B/56,COMPRIMES,non specifié,3
568,130310,[' MORPHINE SULFATE 10MG CP.'],produits/130310.jpo,7 650,B/100,COMPRIMES,non specifié,3
569,130311,[' MORPHINE SULFATE 20MG CP.'],produits/130311.jpo,17 635,B/56,COMPRIME,non specifié,3
570,130312,[' MORPHINE SULFATE 30MG LP.'],produits/130312.jpo,62 185,B/100,GELULES,non specifié,3
571,130312,[' MORPHINE SULFATE 30MG LP.'],produits/130312.jpo,7 470,B/14,GELULES,non specifié,3
572,130313,[' MORPHINE SULFATE 20MG CP LP.'],produits/130311.jpo,58 250,B/100,COMPRIME,non specifié,3
573,130314,[' MORPHINE POUDRE 25 GR'],produits/130314.jpo,605 000,FL,POUDRE,non specifié,3
574,130340,"[' MORPHINE CHLORHYDRATE 10MG', 'ML AMP. INJ. (1ML)']",produits/130340.jpo,4 000,B/10,INJECTABLE,non specifié,3
575,130340,"[' MORPHINE CHLORHYDRATE 10MG', 'ML AMP. INJ. (1ML)']",produits/130340.jpo,40 000,B/100,INJECTABLE,non specifié,3
576,130341,"[' MORPHINE CHLORHYDRATE 20MG', 'ML AMP. INJ. (1ML)']",produits/130341.jpo,98 000,B/100,INJECTABLE,non specifié,3
577,130341,"[' MORPHINE CHLORHYDRATE 20MG', 'ML AMP. INJ. (1ML)']",produits/130341.jpo,9 800,B/10,INJECTABLE,non specifié,3
578,420110,[' AC ASCORBIQUE 500MG CP.'],produits/420110.jpo,11 500,B/1000,COMPRIMES,non specifié,17
579,420110,[' AC ASCORBIQUE 500MG CP.'],produits/420110.jpo,4 920,B/500,COMPRIMES,non specifié,17
580,420140,"[' AC ASCORBIQUE 500MG', '5ML AMP. INJ.']",produits/420140.jpo,3 700,B/100,INJECTABLE,non specifié,17
581,420210,[' CALCIUM CARBONATE 500 MG COMP'],produits/420210.jpo,3 000,B/100,COMPRIME,non specifié,17
582,420240,"[' CALCIUM GLUCONATE 1G', '10ML AMP. INJ. B', '100']",produits/420240.jpo,9 480,B/100,INJECTABLE,non specifié,17
583,420240,"[' CALCIUM GLUCONATE 1G', '10ML AMP. INJ. B', '50']",produits/420240.jpo,2 370,B/50,INJECTABLE,non specifié,17
584,420241,"[' CALCIUM FOLINATE 50MG', '5ML']",produits/420241.jpo,7 515,B/5,INJECTABLE,non specifié,17
585,420310,[' THIAMINE 100MG CP.'],produits/420310.jpo,400,B/20,COMPRIME,non specifié,17
586,420540,"[' PYRIDOXINE 250MG', '5ML AMP. INJ.']",produits/420540.jpo,7 320,B/100,INJECTABLE,non specifié,17
587,420610,[' RETINOL 100.000 UI CAPSULE'],produits/420610.jpo,6 800,B/500,CAPSULE,non specifié,17
588,420611,[' RETINOL 200.000 UI CAPSULE'],produits/420611.jpo,10 810,B/500,CAPSULE,non specifié,17
589,420612,[' ZINC 20MG CP. DISPERSIBLE'],produits/420612.jpo,325,B/100,COMPRIME DISP.,non specifié,17
590,420740,[' CYANOCOBALAMINE 1MG AMP. INJ.'],produits/420740.jpo,5 760,B/100,INJECTABLE,non specifié,17
591,420840,[' GLUCOSE 30% AMP. INJ. (10ML)'],produits/420840.jpo,9 000,B/25,INJECTABLE,non specifié,17
592,420941,[' SODUIM CHLORURE 10% AMP. INJ.'],produits/420941.jpo,4 820,B/50,INJECTABLE,non specifié,17
593,420941,[' SODUIM CHLORURE 10% AMP. INJ.'],produits/420941.jpo,7 440,B/100,INJECTABLE,non specifié,17
594,421040,[' POTASSIUM CHL 10% AMP. INJ.'],produits/421040.jpo,3 550,B/25,INJECTABLE,non specifié,17
595,421040,[' POTASSIUM CHL 10% AMP. INJ.'],produits/421040.jpo,7 200,B/50,INJECTABLE,non specifié,17
596,421140,[' MAGNESIUM SULFATE 20% AMP. INJ. (10ML)'],produits/421140.jpo,4 800,B/50,INJECTABLE,non specifié,17
597,420612MI,[' ZINC 20MG CP. DISPERSIBLE'],produits/420612.jpo,325,B/100,COMPRIME DISP.,non specifié,17
598,421140UNC,"[' MAGNESIUM SULFATE 500MG', 'ML AMP. INJ. (2ML)']",produits/421140.jpo,750,B/10,INJECTABLE,non specifié,17
599,420620,"[' ZINC SP. FL', '60ml']",produits/420620.jpg,2 050,FL/60,SIROP,non specifié,17
